<?xml version="1.0" encoding="UTF-8"?>
<metadata xml:lang="en"><Esri><CreaDate>20240416</CreaDate><CreaTime>23484800</CreaTime><ArcGISFormat>1.0</ArcGISFormat><SyncOnce>TRUE</SyncOnce><DataProperties><lineage><Process ToolSource="c:\arcgis\server\framework\runtime\arcgis\Resources\ArcToolbox\toolboxes\Data Management Tools.tbx\CopyFeatures" Date="20240416" Time="234848">CopyFeatures layer0 c:\arcgisserver\server-dirs\arcgisjobs\tasks_gpserver\jd5358cc7a74a42d1b4806adf4c9fd0cb\scratch\output\New_Haven_CT_Neighborhoods.shp # # # #</Process></lineage></DataProperties></Esri></metadata>
